user_id,doctor_cache_id,interaction_score,event_count,last_event_at,has_synthetic
demo_auto_u_001,37,1.0,1,2026-06-13T01:41:29.331367+00:00,1
demo_auto_u_001,66,0.1,1,2026-06-12T01:41:29.331367+00:00,1
demo_auto_u_001,83,5.0,1,2026-06-21T08:41:29.331367+00:00,1
demo_auto_u_001,84,1.5,1,2026-05-26T09:41:29.331367+00:00,1
demo_auto_u_001,86,5.0,1,2026-03-14T01:41:29.331367+00:00,1
demo_auto_u_001,87,4.0,1,2026-03-27T12:41:29.331367+00:00,1
demo_auto_u_001,88,1.0,1,2026-06-21T23:41:29.331367+00:00,1
demo_auto_u_001,89,5.0,1,2026-04-16T12:41:29.331367+00:00,1
demo_auto_u_002,12,2.0,1,2026-06-19T04:41:29.331367+00:00,1
demo_auto_u_002,13,2.0,1,2026-04-06T14:41:29.331367+00:00,1
demo_auto_u_002,17,3.0,1,2026-05-31T03:41:29.331367+00:00,1
demo_auto_u_002,18,3.0,1,2026-03-18T16:41:29.331367+00:00,1
demo_auto_u_002,19,5.0,1,2026-03-07T18:41:29.331367+00:00,1
demo_auto_u_002,38,1.0,1,2026-04-05T01:41:29.331367+00:00,1
demo_auto_u_002,73,1.0,1,2026-05-09T01:41:29.331367+00:00,1
demo_auto_u_003,1,4.0,1,2026-05-15T00:41:29.331367+00:00,1
demo_auto_u_003,3,1.5,1,2026-02-26T05:41:29.331367+00:00,1
demo_auto_u_003,6,5.0,1,2026-03-03T05:41:29.331367+00:00,1
demo_auto_u_003,7,5.0,1,2026-05-04T17:41:29.331367+00:00,1
demo_auto_u_003,8,5.0,1,2026-05-15T19:41:29.331367+00:00,1
demo_auto_u_003,10,3.0,1,2026-04-14T18:41:29.331367+00:00,1
demo_auto_u_003,20,1.0,1,2026-05-02T01:41:29.331367+00:00,1
demo_auto_u_003,44,1.0,1,2026-03-22T01:41:29.331367+00:00,1
demo_auto_u_004,19,1.0,1,2026-03-21T01:41:29.331367+00:00,1
demo_auto_u_004,56,1.0,1,2026-06-11T01:41:29.331367+00:00,1
demo_auto_u_004,72,2.0,1,2026-05-01T06:41:29.331367+00:00,1
demo_auto_u_004,77,3.0,1,2026-03-29T02:41:29.331367+00:00,1
demo_auto_u_004,78,1.5,1,2026-05-06T13:41:29.331367+00:00,1
demo_auto_u_004,80,5.0,1,2026-04-26T09:41:29.331367+00:00,1
demo_auto_u_005,12,1.0,1,2026-03-24T01:41:29.331367+00:00,1
demo_auto_u_005,41,0.1,1,2026-05-26T01:41:29.331367+00:00,1
demo_auto_u_005,62,3.0,1,2026-04-09T15:41:29.331367+00:00,1
demo_auto_u_005,64,2.0,1,2026-04-21T06:41:29.331367+00:00,1
demo_auto_u_005,65,2.0,1,2026-04-16T09:41:29.331367+00:00,1
demo_auto_u_005,69,5.0,1,2026-06-22T22:41:29.331367+00:00,1
demo_auto_u_005,70,1.5,1,2026-06-05T14:41:29.331367+00:00,1
demo_auto_u_006,24,0.1,1,2026-05-28T01:41:29.331367+00:00,1
demo_auto_u_006,41,2.0,1,2026-03-20T02:41:29.331367+00:00,1
demo_auto_u_006,45,3.0,1,2026-05-04T04:41:29.331367+00:00,1
demo_auto_u_006,47,5.0,1,2026-05-08T11:41:29.331367+00:00,1
demo_auto_u_006,48,3.0,1,2026-05-30T03:41:29.331367+00:00,1
demo_auto_u_006,86,0.1,1,2026-06-23T01:41:29.331367+00:00,1
demo_auto_u_007,52,5.0,1,2026-02-25T07:41:29.331367+00:00,1
demo_auto_u_007,53,2.0,1,2026-03-31T10:41:29.331367+00:00,1
demo_auto_u_007,55,2.0,1,2026-04-16T21:41:29.331367+00:00,1
demo_auto_u_007,57,5.0,1,2026-03-16T10:41:29.331367+00:00,1
demo_auto_u_007,59,1.0,1,2026-04-20T18:41:29.331367+00:00,1
demo_auto_u_007,72,1.0,1,2026-04-02T01:41:29.331367+00:00,1
demo_auto_u_007,86,1.0,1,2026-05-02T01:41:29.331367+00:00,1
demo_auto_u_008,28,0.1,1,2026-04-25T01:41:29.331367+00:00,1
demo_auto_u_008,35,2.0,1,2026-06-01T17:41:29.331367+00:00,1
demo_auto_u_008,36,3.0,1,2026-05-24T23:41:29.331367+00:00,1
demo_auto_u_008,37,5.0,1,2026-03-13T08:41:29.331367+00:00,1
demo_auto_u_008,40,2.0,1,2026-04-28T21:41:29.331367+00:00,1
demo_auto_u_008,84,1.0,1,2026-06-04T01:41:29.331367+00:00,1
demo_auto_u_009,9,0.1,1,2026-06-15T01:41:29.331367+00:00,1
demo_auto_u_009,22,2.0,1,2026-05-31T16:41:29.331367+00:00,1
demo_auto_u_009,25,3.0,1,2026-03-25T10:41:29.331367+00:00,1
demo_auto_u_009,26,2.0,1,2026-03-23T08:41:29.331367+00:00,1
demo_auto_u_009,28,3.0,1,2026-06-17T07:41:29.331367+00:00,1
demo_auto_u_009,29,5.0,1,2026-06-18T07:41:29.331367+00:00,1
demo_auto_u_009,30,5.0,1,2026-04-17T00:41:29.331367+00:00,1
demo_auto_u_009,82,0.1,1,2026-04-10T01:41:29.331367+00:00,1
demo_auto_u_010,9,1.0,1,2026-05-29T01:41:29.331367+00:00,1
demo_auto_u_010,13,1.0,1,2026-02-26T01:41:29.331367+00:00,1
demo_auto_u_010,81,5.0,1,2026-05-25T17:41:29.331367+00:00,1
demo_auto_u_010,83,2.0,1,2026-03-31T03:41:29.331367+00:00,1
demo_auto_u_010,86,2.0,1,2026-04-11T07:41:29.331367+00:00,1
demo_auto_u_010,88,5.0,1,2026-04-27T06:41:29.331367+00:00,1
demo_auto_u_010,89,4.0,1,2026-05-17T11:41:29.331367+00:00,1
demo_auto_u_010,90,3.0,1,2026-05-15T17:41:29.331367+00:00,1
demo_auto_u_011,11,2.0,1,2026-06-10T22:41:29.331367+00:00,1
demo_auto_u_011,15,5.0,1,2026-04-15T21:41:29.331367+00:00,1
demo_auto_u_011,17,3.0,1,2026-03-25T15:41:29.331367+00:00,1
demo_auto_u_011,18,2.0,1,2026-06-11T21:41:29.331367+00:00,1
demo_auto_u_011,19,5.0,1,2026-03-29T05:41:29.331367+00:00,1
demo_auto_u_011,21,1.0,1,2026-06-14T01:41:29.331367+00:00,1
demo_auto_u_011,75,0.1,1,2026-06-20T01:41:29.331367+00:00,1
demo_auto_u_012,1,1.5,1,2026-04-17T00:41:29.331367+00:00,1
demo_auto_u_012,7,1.0,1,2026-03-03T03:41:29.331367+00:00,1
demo_auto_u_012,9,3.0,1,2026-04-11T08:41:29.331367+00:00,1
demo_auto_u_012,66,0.1,1,2026-03-02T01:41:29.331367+00:00,1
demo_auto_u_012,73,1.0,1,2026-06-20T01:41:29.331367+00:00,1
demo_auto_u_013,7,0.1,1,2026-03-06T01:41:29.331367+00:00,1
demo_auto_u_013,63,0.1,1,2026-03-17T01:41:29.331367+00:00,1
demo_auto_u_013,72,1.0,1,2026-03-14T20:41:29.331367+00:00,1
demo_auto_u_013,75,5.0,1,2026-02-26T15:41:29.331367+00:00,1
demo_auto_u_013,77,2.0,1,2026-06-21T20:41:29.331367+00:00,1
demo_auto_u_013,78,5.0,1,2026-03-14T04:41:29.331367+00:00,1
demo_auto_u_014,39,0.1,1,2026-05-14T01:41:29.331367+00:00,1
demo_auto_u_014,52,1.0,1,2026-03-05T01:41:29.331367+00:00,1
demo_auto_u_014,61,3.0,1,2026-05-11T05:41:29.331367+00:00,1
demo_auto_u_014,62,2.0,1,2026-05-31T13:41:29.331367+00:00,1
demo_auto_u_014,66,2.0,1,2026-05-20T23:41:29.331367+00:00,1
demo_auto_u_015,42,2.0,1,2026-03-01T07:41:29.331367+00:00,1
demo_auto_u_015,44,5.0,1,2026-03-29T02:41:29.331367+00:00,1
demo_auto_u_015,46,2.0,1,2026-05-24T00:41:29.331367+00:00,1
demo_auto_u_015,47,2.0,1,2026-04-20T22:41:29.331367+00:00,1
demo_auto_u_015,49,4.0,1,2026-03-31T19:41:29.331367+00:00,1
demo_auto_u_015,50,5.0,1,2026-05-01T01:41:29.331367+00:00,1
demo_auto_u_015,56,0.1,1,2026-04-02T01:41:29.331367+00:00,1
demo_auto_u_015,65,1.0,1,2026-04-22T01:41:29.331367+00:00,1
demo_auto_u_016,2,1.0,1,2026-05-20T01:41:29.331367+00:00,1
demo_auto_u_016,42,0.1,1,2026-03-13T01:41:29.331367+00:00,1
demo_auto_u_016,51,3.0,1,2026-04-16T01:41:29.331367+00:00,1
demo_auto_u_016,52,5.0,1,2026-05-19T19:41:29.331367+00:00,1
demo_auto_u_016,53,5.0,1,2026-03-30T19:41:29.331367+00:00,1
demo_auto_u_016,54,3.0,1,2026-04-13T16:41:29.331367+00:00,1
demo_auto_u_016,55,5.0,1,2026-04-02T15:41:29.331367+00:00,1
demo_auto_u_016,58,2.0,1,2026-03-21T20:41:29.331367+00:00,1
demo_auto_u_017,13,1.0,1,2026-03-15T01:41:29.331367+00:00,1
demo_auto_u_017,31,5.0,1,2026-04-27T00:41:29.331367+00:00,1
demo_auto_u_017,33,1.5,1,2026-03-03T05:41:29.331367+00:00,1
demo_auto_u_017,36,5.0,1,2026-03-17T12:41:29.331367+00:00,1
demo_auto_u_017,37,5.0,1,2026-03-29T01:41:29.331367+00:00,1
demo_auto_u_017,38,4.0,1,2026-05-06T10:41:29.331367+00:00,1
demo_auto_u_017,40,3.0,1,2026-05-31T03:41:29.331367+00:00,1
demo_auto_u_017,79,1.0,1,2026-04-15T01:41:29.331367+00:00,1
demo_auto_u_018,4,1.0,1,2026-06-17T01:41:29.331367+00:00,1
demo_auto_u_018,21,1.5,1,2026-03-20T18:41:29.331367+00:00,1
demo_auto_u_018,22,5.0,1,2026-04-29T23:41:29.331367+00:00,1
demo_auto_u_018,23,3.0,1,2026-04-05T18:41:29.331367+00:00,1
demo_auto_u_018,24,5.0,1,2026-05-21T15:41:29.331367+00:00,1
demo_auto_u_018,25,5.0,1,2026-06-07T21:41:29.331367+00:00,1
demo_auto_u_018,26,3.0,1,2026-05-20T09:41:29.331367+00:00,1
demo_auto_u_018,47,1.0,1,2026-05-14T01:41:29.331367+00:00,1
demo_auto_u_019,7,0.1,1,2026-04-11T01:41:29.331367+00:00,1
demo_auto_u_019,30,0.1,1,2026-04-18T01:41:29.331367+00:00,1
demo_auto_u_019,82,2.0,1,2026-03-07T12:41:29.331367+00:00,1
demo_auto_u_019,83,5.0,1,2026-03-21T02:41:29.331367+00:00,1
demo_auto_u_019,85,1.0,1,2026-05-10T16:41:29.331367+00:00,1
demo_auto_u_019,86,4.5,1,2026-04-30T10:41:29.331367+00:00,1
demo_auto_u_019,88,5.0,1,2026-03-30T13:41:29.331367+00:00,1
demo_auto_u_019,89,5.0,1,2026-03-02T18:41:29.331367+00:00,1
demo_auto_u_020,1,0.1,1,2026-05-25T01:41:29.331367+00:00,1
demo_auto_u_020,11,5.0,1,2026-03-10T23:41:29.331367+00:00,1
demo_auto_u_020,15,3.0,1,2026-03-20T12:41:29.331367+00:00,1
demo_auto_u_020,16,1.0,1,2026-04-27T15:41:29.331367+00:00,1
demo_auto_u_020,18,2.0,1,2026-03-19T13:41:29.331367+00:00,1
demo_auto_u_020,20,5.0,1,2026-04-17T00:41:29.331367+00:00,1
demo_auto_u_020,52,0.1,1,2026-03-18T01:41:29.331367+00:00,1
demo_auto_u_021,5,1.0,1,2026-04-08T06:41:29.331367+00:00,1
demo_auto_u_021,6,2.0,1,2026-05-16T22:41:29.331367+00:00,1
demo_auto_u_021,7,5.0,1,2026-06-21T16:41:29.331367+00:00,1
demo_auto_u_021,9,3.0,1,2026-03-25T22:41:29.331367+00:00,1
demo_auto_u_021,10,5.0,1,2026-05-05T03:41:29.331367+00:00,1
demo_auto_u_021,65,0.1,1,2026-03-09T01:41:29.331367+00:00,1
demo_auto_u_021,90,0.1,1,2026-03-17T01:41:29.331367+00:00,1
demo_auto_u_022,10,1.0,1,2026-04-08T01:41:29.331367+00:00,1
demo_auto_u_022,18,1.0,1,2026-05-25T01:41:29.331367+00:00,1
demo_auto_u_022,71,5.0,1,2026-03-17T10:41:29.331367+00:00,1
demo_auto_u_022,72,3.0,1,2026-03-02T11:41:29.331367+00:00,1
demo_auto_u_022,73,4.0,1,2026-04-10T17:41:29.331367+00:00,1
demo_auto_u_022,74,1.0,1,2026-04-30T14:41:29.331367+00:00,1
demo_auto_u_022,75,5.0,1,2026-06-05T12:41:29.331367+00:00,1
demo_auto_u_022,78,5.0,1,2026-05-21T06:41:29.331367+00:00,1
demo_auto_u_023,28,0.1,1,2026-04-29T01:41:29.331367+00:00,1
demo_auto_u_023,52,0.1,1,2026-05-19T01:41:29.331367+00:00,1
demo_auto_u_023,62,5.0,1,2026-04-23T08:41:29.331367+00:00,1
demo_auto_u_023,64,3.0,1,2026-05-25T02:41:29.331367+00:00,1
demo_auto_u_023,65,3.0,1,2026-03-04T17:41:29.331367+00:00,1
demo_auto_u_023,69,5.0,1,2026-06-23T09:41:29.331367+00:00,1
demo_auto_u_023,70,1.5,1,2026-05-20T06:41:29.331367+00:00,1
demo_auto_u_024,41,2.0,1,2026-04-15T15:41:29.331367+00:00,1
demo_auto_u_024,42,2.0,1,2026-03-27T11:41:29.331367+00:00,1
demo_auto_u_024,43,5.0,1,2026-05-15T22:41:29.331367+00:00,1
demo_auto_u_024,48,4.5,1,2026-06-01T19:41:29.331367+00:00,1
demo_auto_u_024,49,3.0,1,2026-06-09T02:41:29.331367+00:00,1
demo_auto_u_024,50,3.0,1,2026-05-16T17:41:29.331367+00:00,1
demo_auto_u_024,52,0.1,1,2026-03-11T01:41:29.331367+00:00,1
demo_auto_u_024,70,1.0,1,2026-03-20T01:41:29.331367+00:00,1
demo_auto_u_025,58,2.0,1,2026-05-18T03:41:29.331367+00:00,1
demo_auto_u_025,59,2.0,1,2026-03-06T01:41:29.331367+00:00,1
demo_auto_u_025,60,1.5,1,2026-04-04T10:41:29.331367+00:00,1
demo_auto_u_025,68,1.0,1,2026-04-30T01:41:29.331367+00:00,1
demo_auto_u_025,73,1.0,1,2026-06-19T01:41:29.331367+00:00,1
demo_auto_u_026,14,0.1,1,2026-04-06T01:41:29.331367+00:00,1
demo_auto_u_026,31,5.0,1,2026-05-16T07:41:29.331367+00:00,1
demo_auto_u_026,33,3.0,1,2026-03-19T12:41:29.331367+00:00,1
demo_auto_u_026,35,5.0,1,2026-04-28T11:41:29.331367+00:00,1
demo_auto_u_026,36,5.0,1,2026-04-09T06:41:29.331367+00:00,1
demo_auto_u_026,40,1.0,1,2026-05-24T22:41:29.331367+00:00,1
demo_auto_u_026,55,0.1,1,2026-04-02T01:41:29.331367+00:00,1
demo_auto_u_027,13,1.0,1,2026-03-16T01:41:29.331367+00:00,1
demo_auto_u_027,21,5.0,1,2026-06-05T17:41:29.331367+00:00,1
demo_auto_u_027,22,5.0,1,2026-05-01T22:41:29.331367+00:00,1
demo_auto_u_027,26,5.0,1,2026-03-16T05:41:29.331367+00:00,1
demo_auto_u_027,27,4.0,1,2026-03-06T11:41:29.331367+00:00,1
demo_auto_u_027,28,2.0,1,2026-03-26T16:41:29.331367+00:00,1
demo_auto_u_027,29,1.5,1,2026-06-20T18:41:29.331367+00:00,1
demo_auto_u_027,90,1.0,1,2026-03-22T01:41:29.331367+00:00,1
demo_auto_u_028,2,1.0,1,2026-04-26T01:41:29.331367+00:00,1
demo_auto_u_028,50,1.0,1,2026-05-01T01:41:29.331367+00:00,1
demo_auto_u_028,81,1.0,1,2026-04-10T00:41:29.331367+00:00,1
demo_auto_u_028,83,5.0,1,2026-04-25T09:41:29.331367+00:00,1
demo_auto_u_028,84,5.0,1,2026-03-11T17:41:29.331367+00:00,1
demo_auto_u_028,85,5.0,1,2026-05-24T01:41:29.331367+00:00,1
demo_auto_u_028,87,5.0,1,2026-04-11T01:41:29.331367+00:00,1
demo_auto_u_028,89,2.0,1,2026-03-22T15:41:29.331367+00:00,1
demo_auto_u_029,12,5.0,1,2026-03-12T01:41:29.331367+00:00,1
demo_auto_u_029,13,3.0,1,2026-03-18T13:41:29.331367+00:00,1
demo_auto_u_029,14,1.5,1,2026-04-27T23:41:29.331367+00:00,1
demo_auto_u_029,15,3.0,1,2026-05-23T15:41:29.331367+00:00,1
demo_auto_u_029,20,2.0,1,2026-05-04T08:41:29.331367+00:00,1
demo_auto_u_029,21,1.0,1,2026-06-01T01:41:29.331367+00:00,1
demo_auto_u_029,70,1.0,1,2026-03-21T01:41:29.331367+00:00,1
demo_auto_u_030,6,3.0,1,2026-04-16T01:41:29.331367+00:00,1
demo_auto_u_030,9,1.0,1,2026-04-05T06:41:29.331367+00:00,1
demo_auto_u_030,10,1.5,1,2026-03-26T20:41:29.331367+00:00,1
demo_auto_u_030,34,0.1,1,2026-03-10T01:41:29.331367+00:00,1
demo_auto_u_030,88,0.1,1,2026-06-10T01:41:29.331367+00:00,1
demo_auto_u_031,28,1.0,1,2026-05-12T01:41:29.331367+00:00,1
demo_auto_u_031,49,1.0,1,2026-03-20T01:41:29.331367+00:00,1
demo_auto_u_031,71,3.0,1,2026-03-21T21:41:29.331367+00:00,1
demo_auto_u_031,72,4.0,1,2026-02-25T09:41:29.331367+00:00,1
demo_auto_u_031,73,1.0,1,2026-02-27T06:41:29.331367+00:00,1
demo_auto_u_031,76,5.0,1,2026-03-24T16:41:29.331367+00:00,1
demo_auto_u_031,77,5.0,1,2026-04-01T10:41:29.331367+00:00,1
demo_auto_u_031,80,2.0,1,2026-05-20T12:41:29.331367+00:00,1
demo_auto_u_032,1,1.0,1,2026-06-09T01:41:29.331367+00:00,1
demo_auto_u_032,61,3.0,1,2026-04-01T05:41:29.331367+00:00,1
demo_auto_u_032,63,1.5,1,2026-03-21T10:41:29.331367+00:00,1
demo_auto_u_032,67,3.0,1,2026-02-28T13:41:29.331367+00:00,1
demo_auto_u_032,72,1.0,1,2026-03-06T01:41:29.331367+00:00,1
demo_auto_u_033,38,0.1,1,2026-03-06T01:41:29.331367+00:00,1
demo_auto_u_033,43,3.0,1,2026-04-02T23:41:29.331367+00:00,1
demo_auto_u_033,45,1.5,1,2026-03-16T17:41:29.331367+00:00,1
demo_auto_u_033,47,2.0,1,2026-04-06T03:41:29.331367+00:00,1
demo_auto_u_033,59,1.0,1,2026-05-08T01:41:29.331367+00:00,1
demo_auto_u_034,3,1.0,1,2026-06-15T01:41:29.331367+00:00,1
demo_auto_u_034,20,0.1,1,2026-03-30T01:41:29.331367+00:00,1
demo_auto_u_034,51,3.0,1,2026-03-05T22:41:29.331367+00:00,1
demo_auto_u_034,53,4.0,1,2026-05-10T14:41:29.331367+00:00,1
demo_auto_u_034,55,3.0,1,2026-06-03T03:41:29.331367+00:00,1
demo_auto_u_034,57,5.0,1,2026-05-03T07:41:29.331367+00:00,1
demo_auto_u_034,58,1.0,1,2026-03-19T05:41:29.331367+00:00,1
demo_auto_u_034,59,4.0,1,2026-03-02T01:41:29.331367+00:00,1
demo_auto_u_035,31,1.5,1,2026-06-15T11:41:29.331367+00:00,1
demo_auto_u_035,32,3.0,1,2026-04-10T16:41:29.331367+00:00,1
demo_auto_u_035,35,1.5,1,2026-03-30T08:41:29.331367+00:00,1
demo_auto_u_035,36,5.0,1,2026-05-10T07:41:29.331367+00:00,1
demo_auto_u_035,37,4.5,1,2026-05-01T03:41:29.331367+00:00,1
demo_auto_u_035,39,4.5,1,2026-05-06T10:41:29.331367+00:00,1
demo_auto_u_035,67,0.1,1,2026-05-21T01:41:29.331367+00:00,1
demo_auto_u_035,90,0.1,1,2026-03-07T01:41:29.331367+00:00,1
demo_auto_u_036,21,5.0,1,2026-06-12T05:41:29.331367+00:00,1
demo_auto_u_036,23,4.5,1,2026-03-16T11:41:29.331367+00:00,1
demo_auto_u_036,24,3.0,1,2026-03-29T21:41:29.331367+00:00,1
demo_auto_u_036,26,2.0,1,2026-03-20T02:41:29.331367+00:00,1
demo_auto_u_036,29,5.0,1,2026-06-08T23:41:29.331367+00:00,1
demo_auto_u_036,33,1.0,1,2026-03-17T01:41:29.331367+00:00,1
demo_auto_u_036,47,0.1,1,2026-06-03T01:41:29.331367+00:00,1
demo_auto_u_037,19,1.0,1,2026-06-10T01:41:29.331367+00:00,1
demo_auto_u_037,57,1.0,1,2026-06-24T01:41:29.331367+00:00,1
demo_auto_u_037,81,1.5,1,2026-06-15T21:41:29.331367+00:00,1
demo_auto_u_037,86,5.0,1,2026-03-30T13:41:29.331367+00:00,1
demo_auto_u_037,88,1.5,1,2026-03-06T04:41:29.331367+00:00,1
demo_auto_u_038,11,5.0,1,2026-03-11T11:41:29.331367+00:00,1
demo_auto_u_038,12,1.0,1,2026-04-06T08:41:29.331367+00:00,1
demo_auto_u_038,13,4.0,1,2026-04-02T12:41:29.331367+00:00,1
demo_auto_u_038,14,2.0,1,2026-02-27T06:41:29.331367+00:00,1
demo_auto_u_038,19,2.0,1,2026-04-03T23:41:29.331367+00:00,1
demo_auto_u_038,20,4.0,1,2026-05-17T10:41:29.331367+00:00,1
demo_auto_u_038,70,0.1,1,2026-03-22T01:41:29.331367+00:00,1
demo_auto_u_038,78,1.0,1,2026-05-09T01:41:29.331367+00:00,1
demo_auto_u_039,1,4.0,1,2026-06-17T13:41:29.331367+00:00,1
demo_auto_u_039,6,1.5,1,2026-04-29T18:41:29.331367+00:00,1
demo_auto_u_039,9,2.0,1,2026-06-12T04:41:29.331367+00:00,1
demo_auto_u_039,10,3.0,1,2026-04-16T05:41:29.331367+00:00,1
demo_auto_u_039,24,0.1,1,2026-04-04T01:41:29.331367+00:00,1
demo_auto_u_039,81,1.0,1,2026-03-17T01:41:29.331367+00:00,1
demo_auto_u_040,6,0.1,1,2026-03-16T01:41:29.331367+00:00,1
demo_auto_u_040,76,3.0,1,2026-04-02T01:41:29.331367+00:00,1
demo_auto_u_040,77,3.0,1,2026-03-14T20:41:29.331367+00:00,1
demo_auto_u_040,78,1.5,1,2026-06-08T08:41:29.331367+00:00,1
demo_auto_u_040,79,2.0,1,2026-06-24T17:41:29.331367+00:00,1
demo_auto_u_040,90,0.1,1,2026-05-15T01:41:29.331367+00:00,1
demo_auto_u_041,32,1.0,1,2026-04-24T01:41:29.331367+00:00,1
demo_auto_u_041,52,0.1,1,2026-03-02T01:41:29.331367+00:00,1
demo_auto_u_041,64,5.0,1,2026-04-19T16:41:29.331367+00:00,1
demo_auto_u_041,66,5.0,1,2026-06-17T10:41:29.331367+00:00,1
demo_auto_u_041,67,1.5,1,2026-03-17T14:41:29.331367+00:00,1
demo_auto_u_041,68,5.0,1,2026-06-19T02:41:29.331367+00:00,1
demo_auto_u_041,69,3.0,1,2026-04-10T22:41:29.331367+00:00,1
demo_auto_u_041,70,3.0,1,2026-04-21T18:41:29.331367+00:00,1
demo_auto_u_042,6,1.0,1,2026-06-06T01:41:29.331367+00:00,1
demo_auto_u_042,17,1.0,1,2026-05-16T01:41:29.331367+00:00,1
demo_auto_u_042,41,2.0,1,2026-04-08T12:41:29.331367+00:00,1
demo_auto_u_042,44,1.5,1,2026-03-15T03:41:29.331367+00:00,1
demo_auto_u_042,45,5.0,1,2026-04-30T11:41:29.331367+00:00,1
demo_auto_u_042,47,2.0,1,2026-03-07T05:41:29.331367+00:00,1
demo_auto_u_042,49,5.0,1,2026-05-12T11:41:29.331367+00:00,1
demo_auto_u_042,50,5.0,1,2026-03-04T08:41:29.331367+00:00,1
demo_auto_u_043,16,1.0,1,2026-03-09T01:41:29.331367+00:00,1
demo_auto_u_043,53,3.0,1,2026-05-19T06:41:29.331367+00:00,1
demo_auto_u_043,55,3.0,1,2026-03-05T02:41:29.331367+00:00,1
demo_auto_u_043,56,2.0,1,2026-03-05T04:41:29.331367+00:00,1
demo_auto_u_043,57,5.0,1,2026-05-10T22:41:29.331367+00:00,1
demo_auto_u_043,58,2.0,1,2026-06-09T12:41:29.331367+00:00,1
demo_auto_u_043,78,0.1,1,2026-05-28T01:41:29.331367+00:00,1
demo_auto_u_044,7,0.1,1,2026-06-17T01:41:29.331367+00:00,1
demo_auto_u_044,33,3.0,1,2026-06-24T20:41:29.331367+00:00,1
demo_auto_u_044,36,1.0,1,2026-05-21T03:41:29.331367+00:00,1
demo_auto_u_044,40,2.0,1,2026-02-27T15:41:29.331367+00:00,1
demo_auto_u_044,61,0.1,1,2026-06-14T01:41:29.331367+00:00,1
demo_auto_u_045,21,1.0,1,2026-06-05T20:41:29.331367+00:00,1
demo_auto_u_045,24,2.0,1,2026-05-21T11:41:29.331367+00:00,1
demo_auto_u_045,26,3.0,1,2026-06-18T04:41:29.331367+00:00,1
demo_auto_u_045,60,1.0,1,2026-04-30T01:41:29.331367+00:00,1
demo_auto_u_045,75,0.1,1,2026-05-29T01:41:29.331367+00:00,1
demo_auto_u_046,46,0.1,1,2026-06-10T01:41:29.331367+00:00,1
demo_auto_u_046,78,1.0,1,2026-03-22T01:41:29.331367+00:00,1
demo_auto_u_046,81,1.0,1,2026-05-05T06:41:29.331367+00:00,1
demo_auto_u_046,88,1.5,1,2026-06-24T19:41:29.331367+00:00,1
demo_auto_u_046,89,3.0,1,2026-05-28T21:41:29.331367+00:00,1
demo_auto_u_047,11,5.0,1,2026-05-01T07:41:29.331367+00:00,1
demo_auto_u_047,14,1.5,1,2026-06-22T11:41:29.331367+00:00,1
demo_auto_u_047,18,1.5,1,2026-03-06T15:41:29.331367+00:00,1
demo_auto_u_047,32,0.1,1,2026-05-05T01:41:29.331367+00:00,1
demo_auto_u_047,76,1.0,1,2026-06-04T01:41:29.331367+00:00,1
demo_auto_u_048,3,3.0,1,2026-03-17T20:41:29.331367+00:00,1
demo_auto_u_048,5,3.0,1,2026-05-12T18:41:29.331367+00:00,1
demo_auto_u_048,10,1.5,1,2026-03-05T16:41:29.331367+00:00,1
demo_auto_u_048,12,0.1,1,2026-04-19T01:41:29.331367+00:00,1
demo_auto_u_048,46,0.1,1,2026-05-12T01:41:29.331367+00:00,1
demo_auto_u_049,18,1.0,1,2026-04-06T01:41:29.331367+00:00,1
demo_auto_u_049,58,1.0,1,2026-06-17T01:41:29.331367+00:00,1
demo_auto_u_049,71,3.0,1,2026-03-19T07:41:29.331367+00:00,1
demo_auto_u_049,75,5.0,1,2026-04-04T06:41:29.331367+00:00,1
demo_auto_u_049,77,3.0,1,2026-03-29T07:41:29.331367+00:00,1
demo_auto_u_049,80,2.0,1,2026-04-22T11:41:29.331367+00:00,1
demo_auto_u_050,62,5.0,1,2026-04-09T09:41:29.331367+00:00,1
demo_auto_u_050,67,1.5,1,2026-03-10T16:41:29.331367+00:00,1
demo_auto_u_050,68,1.5,1,2026-04-03T23:41:29.331367+00:00,1
demo_auto_u_050,76,1.0,1,2026-04-09T01:41:29.331367+00:00,1
demo_auto_u_050,90,0.1,1,2026-04-03T01:41:29.331367+00:00,1
demo_auto_u_051,36,0.1,1,2026-03-31T01:41:29.331367+00:00,1
demo_auto_u_051,42,1.0,1,2026-03-26T11:41:29.331367+00:00,1
demo_auto_u_051,45,4.5,1,2026-06-04T14:41:29.331367+00:00,1
demo_auto_u_051,47,2.0,1,2026-04-18T09:41:29.331367+00:00,1
demo_auto_u_051,76,1.0,1,2026-06-17T01:41:29.331367+00:00,1
demo_auto_u_052,36,0.1,1,2026-03-13T01:41:29.331367+00:00,1
demo_auto_u_052,49,1.0,1,2026-06-14T01:41:29.331367+00:00,1
demo_auto_u_052,51,3.0,1,2026-04-01T13:41:29.331367+00:00,1
demo_auto_u_052,54,2.0,1,2026-04-09T03:41:29.331367+00:00,1
demo_auto_u_052,56,1.5,1,2026-05-16T05:41:29.331367+00:00,1
demo_auto_u_052,60,3.0,1,2026-05-16T08:41:29.331367+00:00,1
demo_auto_u_053,7,0.1,1,2026-06-06T01:41:29.331367+00:00,1
demo_auto_u_053,34,5.0,1,2026-03-18T08:41:29.331367+00:00,1
demo_auto_u_053,35,5.0,1,2026-06-20T04:41:29.331367+00:00,1
demo_auto_u_053,38,1.0,1,2026-06-07T21:41:29.331367+00:00,1
demo_auto_u_053,40,1.5,1,2026-05-18T22:41:29.331367+00:00,1
demo_auto_u_053,63,0.1,1,2026-03-11T01:41:29.331367+00:00,1
demo_auto_u_054,22,4.0,1,2026-04-21T09:41:29.331367+00:00,1
demo_auto_u_054,24,5.0,1,2026-04-29T11:41:29.331367+00:00,1
demo_auto_u_054,25,2.0,1,2026-03-13T10:41:29.331367+00:00,1
demo_auto_u_054,26,4.5,1,2026-03-14T06:41:29.331367+00:00,1
demo_auto_u_054,29,1.0,1,2026-04-17T18:41:29.331367+00:00,1
demo_auto_u_054,30,2.0,1,2026-05-08T04:41:29.331367+00:00,1
demo_auto_u_054,49,0.1,1,2026-02-26T01:41:29.331367+00:00,1
demo_auto_u_054,88,1.0,1,2026-03-06T01:41:29.331367+00:00,1
demo_auto_u_055,13,1.0,1,2026-03-20T01:41:29.331367+00:00,1
demo_auto_u_055,75,1.0,1,2026-02-28T01:41:29.331367+00:00,1
demo_auto_u_055,83,4.0,1,2026-05-28T01:41:29.331367+00:00,1
demo_auto_u_055,84,4.0,1,2026-04-21T14:41:29.331367+00:00,1
demo_auto_u_055,86,1.0,1,2026-02-28T18:41:29.331367+00:00,1
demo_auto_u_055,87,2.0,1,2026-03-03T14:41:29.331367+00:00,1
demo_auto_u_055,88,2.0,1,2026-05-03T00:41:29.331367+00:00,1
demo_auto_u_055,90,5.0,1,2026-04-02T15:41:29.331367+00:00,1
demo_auto_u_056,14,1.5,1,2026-06-18T18:41:29.331367+00:00,1
demo_auto_u_056,16,3.0,1,2026-04-04T06:41:29.331367+00:00,1
demo_auto_u_056,17,1.5,1,2026-05-25T16:41:29.331367+00:00,1
demo_auto_u_056,22,1.0,1,2026-03-10T01:41:29.331367+00:00,1
demo_auto_u_056,90,0.1,1,2026-04-18T01:41:29.331367+00:00,1
demo_auto_u_057,2,3.0,1,2026-05-09T23:41:29.331367+00:00,1
demo_auto_u_057,5,5.0,1,2026-04-16T09:41:29.331367+00:00,1
demo_auto_u_057,6,2.0,1,2026-03-31T23:41:29.331367+00:00,1
demo_auto_u_057,7,4.5,1,2026-04-16T01:41:29.331367+00:00,1
demo_auto_u_057,51,0.1,1,2026-05-11T01:41:29.331367+00:00,1
demo_auto_u_057,87,1.0,1,2026-05-09T01:41:29.331367+00:00,1
demo_auto_u_058,5,0.1,1,2026-06-21T01:41:29.331367+00:00,1
demo_auto_u_058,59,1.0,1,2026-05-06T01:41:29.331367+00:00,1
demo_auto_u_058,71,4.5,1,2026-06-01T21:41:29.331367+00:00,1
demo_auto_u_058,73,5.0,1,2026-03-15T19:41:29.331367+00:00,1
demo_auto_u_058,78,3.0,1,2026-05-18T19:41:29.331367+00:00,1
demo_auto_u_058,79,2.0,1,2026-03-27T10:41:29.331367+00:00,1
demo_auto_u_058,80,2.0,1,2026-06-02T04:41:29.331367+00:00,1
demo_auto_u_059,3,1.0,1,2026-03-29T01:41:29.331367+00:00,1
demo_auto_u_059,48,1.0,1,2026-04-09T01:41:29.331367+00:00,1
demo_auto_u_059,62,2.0,1,2026-05-12T20:41:29.331367+00:00,1
demo_auto_u_059,63,4.0,1,2026-05-01T23:41:29.331367+00:00,1
demo_auto_u_059,64,1.5,1,2026-03-21T11:41:29.331367+00:00,1
demo_auto_u_059,68,3.0,1,2026-03-28T10:41:29.331367+00:00,1
demo_auto_u_059,69,4.5,1,2026-05-18T15:41:29.331367+00:00,1
demo_auto_u_059,70,4.0,1,2026-02-26T09:41:29.331367+00:00,1
demo_auto_u_060,23,0.1,1,2026-06-17T01:41:29.331367+00:00,1
demo_auto_u_060,42,5.0,1,2026-06-05T01:41:29.331367+00:00,1
demo_auto_u_060,47,2.0,1,2026-04-04T13:41:29.331367+00:00,1
demo_auto_u_060,49,2.0,1,2026-04-20T02:41:29.331367+00:00,1
demo_auto_u_060,86,1.0,1,2026-05-10T01:41:29.331367+00:00,1
demo_cardio_fast,81,2.0,1,2026-06-26 01:26:08,1
demo_cardio_fast,82,2.0,1,2026-06-26 01:26:08,1
demo_cardio_fast,83,2.0,1,2026-06-26 01:26:08,1
demo_dentistry_lowfee,11,1.0,1,2026-06-26 01:26:08,1
demo_dentistry_lowfee,12,1.0,1,2026-06-26 01:26:08,1
demo_dentistry_lowfee,13,1.0,1,2026-06-26 01:26:08,1
demo_derma_smouha,1,4.1,3,2026-06-26 01:26:08,1
demo_derma_smouha,2,1.1,2,2026-06-26 01:26:08,1
demo_derma_smouha,3,0.1,1,2026-06-26 01:26:08,1
